Month,MonthlySales
01,30822.31
02,31645.050000000003
03,32042.309999999998
04,16669.04
05,58144.53
06,27135.82
07,64016.56000000001
08,67638.11
09,49953.19999999999
10,19107.370000000003
11,37987.090000000004
12,31263.699999999997
