Category,TotalRevenue
Clothing,126834.02999999998
Books,121005.02999999998
Electronics,111527.88
Furniture,107058.15000000001
